composer,piece,S->S,S->A,S->W,S->I,A->S,A->A,A->W,A->I,W->S,W->A,W->W,W->I,I->S,I->A,I->W,I->I
Bach,BWV806_01_Prelude,0.14814814814814814,0.06349206349206349,0.1111111111111111,0.10582010582010581,0.09523809523809523,0.08465608465608465,0.015873015873015872,0.021164021164021163,0.06878306878306878,0.047619047619047616,0.005291005291005291,0.021164021164021163,0.1164021164021164,0.021164021164021163,0.005291005291005291,0.06878306878306878
Bach,BWV806_02_Allemande,0.2323943661971831,0.11267605633802817,0.02112676056338028,0.14084507042253522,0.08450704225352113,0.028169014084507043,0.0,0.06338028169014084,0.014084507042253521,0.0,0.0,0.02112676056338028,0.176056338028169,0.035211267605633804,0.014084507042253521,0.056338028169014086
Bach,BWV806_03_Courante_I,0.24719101123595505,0.1348314606741573,0.056179775280898875,0.0898876404494382,0.11235955056179775,0.056179775280898875,0.0449438202247191,0.0,0.06741573033707865,0.011235955056179775,0.0,0.0449438202247191,0.10112359550561797,0.011235955056179775,0.02247191011235955,0.0
Bach,BWV806_04_Courante_II,0.18627450980392157,0.058823529411764705,0.049019607843137254,0.12745098039215685,0.13725490196078433,0.12745098039215685,0.0,0.00980392156862745,0.029411764705882353,0.0196078431372549,0.0,0.029411764705882353,0.0784313725490196,0.06862745098039216,0.029411764705882353,0.049019607843137254
Bach,BWV806_05_Double_I,0.18181818181818182,0.1111111111111111,0.0707070707070707,0.0707070707070707,0.1717171717171717,0.08080808080808081,0.010101010101010102,0.030303030303030304,0.050505050505050504,0.06060606060606061,0.0,0.010101010101010102,0.04040404040404041,0.04040404040404041,0.04040404040404041,0.030303030303030304
Bach,BWV806_06_Double_II,0.2755102040816326,0.09183673469387756,0.07142857142857142,0.09183673469387756,0.1326530612244898,0.030612244897959183,0.0,0.02040816326530612,0.061224489795918366,0.02040816326530612,0.0,0.030612244897959183,0.07142857142857142,0.04081632653061224,0.04081632653061224,0.02040816326530612
Bach,BWV806_07_Sarabande,0.24285714285714285,0.08571428571428572,0.04285714285714286,0.12857142857142856,0.02857142857142857,0.014285714285714285,0.04285714285714286,0.07142857142857142,0.05714285714285714,0.02857142857142857,0.0,0.0,0.18571428571428572,0.02857142857142857,0.0,0.04285714285714286
Bach,BWV806_08_Bouree_I,0.17482517482517482,0.06993006993006994,0.1048951048951049,0.1048951048951049,0.07692307692307693,0.06993006993006994,0.013986013986013986,0.0,0.1258741258741259,0.02097902097902098,0.0,0.03496503496503497,0.07692307692307693,0.0,0.06293706293706294,0.06293706293706294
Bach,BWV806_09_Bouree_II,0.12295081967213115,0.06557377049180328,0.08196721311475409,0.02459016393442623,0.04918032786885246,0.11475409836065574,0.01639344262295082,0.09016393442622951,0.03278688524590164,0.08196721311475409,0.01639344262295082,0.05737704918032787,0.09836065573770492,0.00819672131147541,0.07377049180327869,0.06557377049180328
Bach,BWV806_10_Gigue,0.4166666666666667,0.058333333333333334,0.058333333333333334,0.08333333333333333,0.06666666666666667,0.041666666666666664,0.016666666666666666,0.016666666666666666,0.09166666666666666,0.0,0.0,0.008333333333333333,0.05,0.041666666666666664,0.016666666666666666,0.03333333333333333
Bach,BWV807_01_Prelude,0.2508896797153025,0.06405693950177936,0.08540925266903915,0.05516014234875445,0.0693950177935943,0.18683274021352314,0.033807829181494664,0.023131672597864767,0.09074733096085409,0.04804270462633452,0.0,0.0035587188612099642,0.04448398576512456,0.014234875444839857,0.023131672597864767,0.0071174377224199285
Bach,BWV807_02_Allemande,0.25203252032520324,0.13008130081300814,0.056910569105691054,0.04878048780487805,0.0975609756097561,0.032520325203252036,0.024390243902439025,0.07317073170731707,0.06504065040650407,0.04878048780487805,0.008130081300813009,0.0,0.07317073170731707,0.024390243902439025,0.032520325203252036,0.032520325203252036
Bach,BWV807_03_Courante,0.16981132075471697,0.08490566037735849,0.04716981132075472,0.12264150943396226,0.11320754716981132,0.0660377358490566,0.02830188679245283,0.018867924528301886,0.03773584905660377,0.05660377358490566,0.009433962264150943,0.02830188679245283,0.11320754716981132,0.018867924528301886,0.04716981132075472,0.03773584905660377
Bach,BWV807_04a_Agrements_de_la_Sarabande,0.13157894736842105,0.05263157894736842,0.02631578947368421,0.10526315789473684,0.02631578947368421,0.07894736842105263,0.05263157894736842,0.07894736842105263,0.013157894736842105,0.039473684210526314,0.05263157894736842,0.039473684210526314,0.15789473684210525,0.05263157894736842,0.013157894736842105,0.07894736842105263
Bach,BWV807_04_Sarabande,0.04054054054054054,0.0945945945945946,0.013513513513513514,0.08108108108108109,0.04054054054054054,0.08108108108108109,0.10810810810810811,0.08108108108108109,0.013513513513513514,0.06756756756756757,0.02702702702702703,0.05405405405405406,0.14864864864864866,0.05405405405405406,0.013513513513513514,0.08108108108108109
Bach,BWV807_05_Bourree_I,0.12422360248447205,0.024844720496894408,0.10559006211180125,0.13043478260869565,0.055900621118012424,0.037267080745341616,0.006211180124223602,0.006211180124223602,0.08695652173913043,0.018633540372670808,0.0,0.006211180124223602,0.12422360248447205,0.024844720496894408,0.0,0.2484472049689441
Bach,BWV807_06_Bourree_II,0.1791044776119403,0.014925373134328358,0.11940298507462686,0.11940298507462686,0.04477611940298507,0.05970149253731343,0.014925373134328358,0.014925373134328358,0.05970149253731343,0.05970149253731343,0.014925373134328358,0.014925373134328358,0.14925373134328357,0.0,0.0,0.13432835820895522
Bach,BWV807_07_Gigue,0.25874125874125875,0.08391608391608392,0.07692307692307693,0.16083916083916083,0.1048951048951049,0.006993006993006993,0.006993006993006993,0.013986013986013986,0.06293706293706294,0.02097902097902098,0.006993006993006993,0.013986013986013986,0.14685314685314685,0.02097902097902098,0.013986013986013986,0.0
Bach,BWV808_01_Prelude,0.2696629213483146,0.08707865168539326,0.011235955056179775,0.1151685393258427,0.03932584269662921,0.09269662921348315,0.028089887640449437,0.03651685393258427,0.05337078651685393,0.0056179775280898875,0.0,0.028089887640449437,0.12078651685393259,0.011235955056179775,0.047752808988764044,0.05337078651685393
Bach,BWV808_02_Allemande,0.31092436974789917,0.08403361344537816,0.04201680672268908,0.10084033613445378,0.08403361344537816,0.058823529411764705,0.03361344537815126,0.025210084033613446,0.03361344537815126,0.05042016806722689,0.008403361344537815,0.008403361344537815,0.1092436974789916,0.008403361344537815,0.01680672268907563,0.025210084033613446
Bach,BWV808_03_Courante,0.26490066225165565,0.06622516556291391,0.059602649006622516,0.09933774834437085,0.039735099337748346,0.033112582781456956,0.026490066225165563,0.059602649006622516,0.046357615894039736,0.052980132450331126,0.0,0.019867549668874173,0.1390728476821192,0.006622516556291391,0.033112582781456956,0.052980132450331126
Bach,BWV808_04a_Agrements_de_la_Sarabande,0.125,0.0,0.10416666666666667,0.10416666666666667,0.041666666666666664,0.0,0.0,0.125,0.020833333333333332,0.08333333333333333,0.0,0.0,0.14583333333333334,0.0625,0.0,0.1875
Bach,BWV808_04_Sarabande,0.17073170731707318,0.024390243902439025,0.12195121951219512,0.07317073170731707,0.04878048780487805,0.04878048780487805,0.0,0.0975609756097561,0.024390243902439025,0.07317073170731707,0.0,0.024390243902439025,0.14634146341463414,0.024390243902439025,0.0,0.12195121951219512
Bach,BWV808_05_Gavotte_I,0.09615384615384616,0.125,0.009615384615384616,0.08653846153846154,0.10576923076923077,0.08653846153846154,0.038461538461538464,0.09615384615384616,0.028846153846153848,0.057692307692307696,0.009615384615384616,0.019230769230769232,0.09615384615384616,0.057692307692307696,0.04807692307692308,0.038461538461538464
Bach,BWV808_06_Gavotte_II,0.018867924528301886,0.03773584905660377,0.09433962264150944,0.018867924528301886,0.05660377358490566,0.41509433962264153,0.05660377358490566,0.03773584905660377,0.09433962264150944,0.05660377358490566,0.018867924528301886,0.0,0.0,0.03773584905660377,0.0,0.05660377358490566
Bach,BWV808_07_Gigue,0.16019417475728157,0.13592233009708737,0.024271844660194174,0.014563106796116505,0.13106796116504854,0.17475728155339806,0.02912621359223301,0.0825242718446602,0.014563106796116505,0.04854368932038835,0.043689320388349516,0.019417475728155338,0.03398058252427184,0.05825242718446602,0.024271844660194174,0.0048543689320388345
Bach,BWV809_01_Prelude,0.2953156822810591,0.11608961303462322,0.054989816700611,0.06924643584521385,0.12423625254582485,0.07535641547861507,0.020366598778004074,0.024439918533604887,0.016293279022403257,0.038696537678207736,0.006109979633401222,0.028513238289205704,0.09979633401221996,0.014256619144602852,0.008146639511201629,0.008146639511201629
Bach,BWV809_02_Allemande,0.32967032967032966,0.14285714285714285,0.01098901098901099,0.08791208791208792,0.10989010989010989,0.054945054945054944,0.02197802197802198,0.054945054945054944,0.02197802197802198,0.0,0.0,0.01098901098901099,0.10989010989010989,0.04395604395604396,0.0,0.0
Bach,BWV809_03_Courante,0.140625,0.109375,0.0625,0.15625,0.109375,0.015625,0.015625,0.046875,0.0625,0.03125,0.0,0.015625,0.15625,0.03125,0.03125,0.015625
Bach,BWV809_04_Sarabande,0.17543859649122806,0.08771929824561403,0.05263157894736842,0.15789473684210525,0.10526315789473684,0.05263157894736842,0.017543859649122806,0.017543859649122806,0.07017543859649122,0.017543859649122806,0.0,0.0,0.12280701754385964,0.03508771929824561,0.017543859649122806,0.07017543859649122
Bach,BWV809_05_Menuett_I,0.1875,0.0875,0.025,0.0875,0.1,0.05,0.025,0.05,0.0,0.0625,0.0125,0.05,0.1,0.025,0.05,0.0875
Bach,BWV809_06_Menuett_II,0.2638888888888889,0.08333333333333333,0.06944444444444445,0.1388888888888889,0.1111111111111111,0.013888888888888888,0.013888888888888888,0.027777777777777776,0.06944444444444445,0.027777777777777776,0.0,0.0,0.1111111111111111,0.041666666666666664,0.0,0.027777777777777776
Bach,BWV809_07_Gigue,0.21354166666666666,0.057291666666666664,0.0625,0.08854166666666667,0.046875,0.0625,0.005208333333333333,0.036458333333333336,0.0625,0.015625,0.0,0.057291666666666664,0.10416666666666667,0.015625,0.06770833333333333,0.10416666666666667
Bach,BWV810_01_Prelude,0.4406779661016949,0.06053268765133172,0.05084745762711865,0.12106537530266344,0.06053268765133172,0.048426150121065374,0.009685230024213076,0.007263922518159807,0.06537530266343826,0.0,0.0,0.0,0.10653753026634383,0.01694915254237288,0.004842615012106538,0.007263922518159807
Bach,BWV810_02_Allemande,0.25196850393700787,0.13385826771653545,0.03937007874015748,0.06299212598425197,0.13385826771653545,0.05511811023622047,0.015748031496062992,0.03937007874015748,0.03937007874015748,0.015748031496062992,0.0,0.023622047244094488,0.06299212598425197,0.03937007874015748,0.023622047244094488,0.06299212598425197
Bach,BWV810_03_Courante,0.23170731707317074,0.12195121951219512,0.036585365853658534,0.04878048780487805,0.10975609756097561,0.08536585365853659,0.0,0.06097560975609756,0.024390243902439025,0.012195121951219513,0.0,0.036585365853658534,0.08536585365853659,0.024390243902439025,0.036585365853658534,0.08536585365853659
Bach,BWV810_04_Sarabande,0.11224489795918367,0.07142857142857142,0.04081632653061224,0.08163265306122448,0.12244897959183673,0.08163265306122448,0.07142857142857142,0.04081632653061224,0.04081632653061224,0.10204081632653061,0.01020408163265306,0.01020408163265306,0.04081632653061224,0.061224489795918366,0.04081632653061224,0.07142857142857142
Bach,BWV810_05_Passepied_I,0.2570093457943925,0.07009345794392523,0.03271028037383177,0.1261682242990654,0.06542056074766354,0.0794392523364486,0.02336448598130841,0.009345794392523364,0.09813084112149532,0.009345794392523364,0.009345794392523364,0.009345794392523364,0.07009345794392523,0.018691588785046728,0.06074766355140187,0.06074766355140187
Bach,BWV810_06_Passepied_II,0.09523809523809523,0.1111111111111111,0.07936507936507936,0.047619047619047616,0.12698412698412698,0.1746031746031746,0.031746031746031744,0.047619047619047616,0.047619047619047616,0.09523809523809523,0.0,0.0,0.07936507936507936,0.0,0.031746031746031744,0.031746031746031744
Bach,BWV810_07_Gigue,0.2233502538071066,0.07614213197969544,0.07106598984771574,0.07614213197969544,0.08121827411167512,0.1065989847715736,0.030456852791878174,0.04060913705583756,0.06091370558375635,0.05583756345177665,0.015228426395939087,0.015228426395939087,0.07614213197969544,0.025380710659898477,0.030456852791878174,0.015228426395939087
Bach,BWV811_01_Prelude,0.3059210526315789,0.1118421052631579,0.05098684210526316,0.07236842105263158,0.10855263157894737,0.07730263157894737,0.02138157894736842,0.029605263157894735,0.05263157894736842,0.027960526315789474,0.004934210526315789,0.004934210526315789,0.0756578947368421,0.018092105263157895,0.013157894736842105,0.024671052631578948
Bach,BWV811_02_Allemande,0.22018348623853212,0.09174311926605505,0.009174311926605505,0.13761467889908258,0.08256880733944955,0.027522935779816515,0.027522935779816515,0.05504587155963303,0.009174311926605505,0.01834862385321101,0.009174311926605505,0.03669724770642202,0.14678899082568808,0.06422018348623854,0.027522935779816515,0.03669724770642202
Bach,BWV811_03_Courante,0.27692307692307694,0.09230769230769231,0.06153846153846154,0.08461538461538462,0.11538461538461539,0.1,0.038461538461538464,0.0,0.07692307692307693,0.038461538461538464,0.023076923076923078,0.0,0.046153846153846156,0.023076923076923078,0.015384615384615385,0.007692307692307693
Bach,BWV811_04_Sarabande,0.22807017543859648,0.08771929824561403,0.07017543859649122,0.10526315789473684,0.07017543859649122,0.07017543859649122,0.03508771929824561,0.03508771929824561,0.07017543859649122,0.017543859649122806,0.0,0.03508771929824561,0.12280701754385964,0.017543859649122806,0.017543859649122806,0.017543859649122806
Bach,BWV811_05_Double,0.3114754098360656,0.06557377049180328,0.03278688524590164,0.13114754098360656,0.04918032786885246,0.04918032786885246,0.01639344262295082,0.04918032786885246,0.04918032786885246,0.01639344262295082,0.0,0.0,0.13114754098360656,0.01639344262295082,0.01639344262295082,0.06557377049180328
Bach,BWV811_06_Gavotte_I,0.24489795918367346,0.061224489795918366,0.04081632653061224,0.15306122448979592,0.08163265306122448,0.05102040816326531,0.01020408163265306,0.02040816326530612,0.07142857142857142,0.01020408163265306,0.0,0.030612244897959183,0.11224489795918367,0.04081632653061224,0.05102040816326531,0.02040816326530612
Bach,BWV811_07_Gavotte_II,0.013513513513513514,0.02702702702702703,0.1891891891891892,0.02702702702702703,0.02702702702702703,0.1891891891891892,0.013513513513513514,0.10810810810810811,0.10810810810810811,0.0945945945945946,0.013513513513513514,0.0,0.10810810810810811,0.02702702702702703,0.0,0.05405405405405406
Bach,BWV811_08_Gigue,0.0425531914893617,0.0851063829787234,0.07659574468085106,0.07659574468085106,0.10638297872340426,0.18723404255319148,0.059574468085106386,0.059574468085106386,0.0851063829787234,0.059574468085106386,0.00425531914893617,0.00425531914893617,0.05531914893617021,0.08085106382978724,0.01276595744680851,0.00425531914893617
Bach,BWV812_01_Allemande,0.37209302325581395,0.08527131782945736,0.031007751937984496,0.12403100775193798,0.10077519379844961,0.0,0.007751937984496124,0.03875968992248062,0.0,0.031007751937984496,0.0,0.015503875968992248,0.13953488372093023,0.023255813953488372,0.007751937984496124,0.023255813953488372
Bach,BWV812_02_Courante,0.30851063829787234,0.09574468085106383,0.02127659574468085,0.11702127659574468,0.0425531914893617,0.031914893617021274,0.02127659574468085,0.05319148936170213,0.031914893617021274,0.010638297872340425,0.0,0.010638297872340425,0.14893617021276595,0.010638297872340425,0.010638297872340425,0.0851063829787234
Bach,BWV812_03_Sarabande,0.13157894736842105,0.02631578947368421,0.039473684210526314,0.14473684210526316,0.039473684210526314,0.039473684210526314,0.013157894736842105,0.06578947368421052,0.05263157894736842,0.02631578947368421,0.02631578947368421,0.013157894736842105,0.11842105263157894,0.06578947368421052,0.039473684210526314,0.15789473684210525
Bach,BWV812_04_Menuett_I,0.21818181818181817,0.10909090909090909,0.07272727272727272,0.05454545454545454,0.14545454545454545,0.12727272727272726,0.01818181818181818,0.03636363636363636,0.01818181818181818,0.05454545454545454,0.0,0.01818181818181818,0.09090909090909091,0.01818181818181818,0.0,0.01818181818181818
Bach,BWV812_05_Menuett_II,0.2857142857142857,0.09523809523809523,0.015873015873015872,0.1746031746031746,0.07936507936507936,0.0,0.0,0.015873015873015872,0.0,0.0,0.0,0.031746031746031744,0.2222222222222222,0.0,0.015873015873015872,0.06349206349206349
Bach,BWV812_06_Gigue,0.2601626016260163,0.10569105691056911,0.032520325203252036,0.10569105691056911,0.06504065040650407,0.008130081300813009,0.016260162601626018,0.07317073170731707,0.024390243902439025,0.024390243902439025,0.008130081300813009,0.016260162601626018,0.14634146341463414,0.024390243902439025,0.016260162601626018,0.07317073170731707
Bach,BWV813_01_Allemande,0.1,0.016666666666666666,0.058333333333333334,0.23333333333333334,0.016666666666666666,0.008333333333333333,0.025,0.058333333333333334,0.05,0.05,0.008333333333333333,0.025,0.23333333333333334,0.03333333333333333,0.041666666666666664,0.041666666666666664
Bach,BWV813_02_Courante,0.1393939393939394,0.06666666666666667,0.07878787878787878,0.12121212121212122,0.10303030303030303,0.08484848484848485,0.012121212121212121,0.06666666666666667,0.04242424242424243,0.07878787878787878,0.0,0.0,0.12121212121212122,0.03636363636363636,0.030303030303030304,0.01818181818181818
Bach,BWV813_03_Sarabande,0.08080808080808081,0.1111111111111111,0.010101010101010102,0.1414141414141414,0.06060606060606061,0.08080808080808081,0.020202020202020204,0.10101010101010101,0.06060606060606061,0.010101010101010102,0.0,0.010101010101010102,0.1414141414141414,0.06060606060606061,0.04040404040404041,0.0707070707070707
Bach,BWV813_04_Air,0.10784313725490197,0.058823529411764705,0.06862745098039216,0.08823529411764706,0.029411764705882353,0.049019607843137254,0.08823529411764706,0.0784313725490196,0.058823529411764705,0.11764705882352941,0.0,0.0196078431372549,0.13725490196078433,0.0196078431372549,0.029411764705882353,0.049019607843137254
Bach,BWV813_05_Menuett,0.16901408450704225,0.08450704225352113,0.04225352112676056,0.09859154929577464,0.1267605633802817,0.08450704225352113,0.014084507042253521,0.04225352112676056,0.028169014084507043,0.056338028169014086,0.014084507042253521,0.014084507042253521,0.08450704225352113,0.028169014084507043,0.04225352112676056,0.07042253521126761
Bach,BWV813_06_Gigue,0.1791044776119403,0.029850746268656716,0.06716417910447761,0.19402985074626866,0.03731343283582089,0.05970149253731343,0.0,0.029850746268656716,0.05223880597014925,0.0,0.0,0.05223880597014925,0.20149253731343283,0.029850746268656716,0.03731343283582089,0.029850746268656716
Bach,BWV814_01_Allemande,0.13636363636363635,0.08441558441558442,0.05194805194805195,0.09740259740259741,0.08441558441558442,0.07142857142857142,0.08441558441558442,0.05194805194805195,0.05194805194805195,0.09090909090909091,0.0,0.006493506493506494,0.09090909090909091,0.045454545454545456,0.012987012987012988,0.03896103896103896
Bach,BWV814_02_Courante,0.14285714285714285,0.12380952380952381,0.0380952380952381,0.09523809523809523,0.11428571428571428,0.0380952380952381,0.0380952380952381,0.0380952380952381,0.02857142857142857,0.05714285714285714,0.0,0.047619047619047616,0.12380952380952381,0.009523809523809525,0.047619047619047616,0.05714285714285714
Bach,BWV814_03_Sarabande,0.07407407407407407,0.1111111111111111,0.012345679012345678,0.04938271604938271,0.08641975308641975,0.12345679012345678,0.012345679012345678,0.20987654320987653,0.0,0.024691358024691357,0.0,0.012345679012345678,0.08641975308641975,0.16049382716049382,0.012345679012345678,0.024691358024691357
Bach,BWV814_04_Gavotte,0.125,0.10416666666666667,0.08333333333333333,0.052083333333333336,0.08333333333333333,0.07291666666666667,0.041666666666666664,0.07291666666666667,0.07291666666666667,0.052083333333333336,0.010416666666666666,0.020833333333333332,0.09375,0.03125,0.020833333333333332,0.0625
Bach,BWV814_05_Menuett,0.13186813186813187,0.02197802197802198,0.04395604395604396,0.21978021978021978,0.04395604395604396,0.03296703296703297,0.0,0.01098901098901099,0.16483516483516483,0.01098901098901099,0.0,0.01098901098901099,0.07692307692307693,0.02197802197802198,0.13186813186813187,0.07692307692307693
Bach,BWV814_06_Trio,0.05,0.15,0.06666666666666667,0.06666666666666667,0.2,0.18333333333333332,0.0,0.03333333333333333,0.016666666666666666,0.05,0.0,0.016666666666666666,0.08333333333333333,0.03333333333333333,0.016666666666666666,0.03333333333333333
Bach,BWV814_07_Gigue,0.18666666666666668,0.02,0.10666666666666667,0.08666666666666667,0.08,0.22,0.02666666666666667,0.006666666666666667,0.06,0.08666666666666667,0.0,0.0,0.08,0.006666666666666667,0.006666666666666667,0.02666666666666667
Bach,BWV815_01_Allemande,0.25742574257425743,0.04950495049504951,0.07920792079207921,0.13861386138613863,0.019801980198019802,0.009900990099009901,0.019801980198019802,0.039603960396039604,0.0891089108910891,0.009900990099009901,0.009900990099009901,0.019801980198019802,0.15841584158415842,0.019801980198019802,0.019801980198019802,0.0594059405940594
Bach,BWV815_02_Courante,0.07058823529411765,0.08235294117647059,0.047058823529411764,0.16470588235294117,0.08235294117647059,0.047058823529411764,0.0,0.047058823529411764,0.03529411764705882,0.011764705882352941,0.023529411764705882,0.047058823529411764,0.18823529411764706,0.023529411764705882,0.047058823529411764,0.08235294117647059
Bach,BWV815_03_Sarabande,0.18333333333333332,0.06666666666666667,0.05,0.2,0.08333333333333333,0.0,0.016666666666666666,0.03333333333333333,0.016666666666666666,0.016666666666666666,0.0,0.05,0.21666666666666667,0.05,0.0,0.016666666666666666
Bach,BWV815_04_Gavotte,0.26506024096385544,0.0963855421686747,0.0963855421686747,0.08433734939759036,0.060240963855421686,0.012048192771084338,0.024096385542168676,0.04819277108433735,0.0963855421686747,0.012048192771084338,0.0,0.03614457831325301,0.12048192771084337,0.024096385542168676,0.024096385542168676,0.0
Bach,BWV815_05_Air,0.27631578947368424,0.07894736842105263,0.039473684210526314,0.10526315789473684,0.039473684210526314,0.06578947368421052,0.02631578947368421,0.07894736842105263,0.06578947368421052,0.02631578947368421,0.0,0.0,0.13157894736842105,0.02631578947368421,0.02631578947368421,0.013157894736842105
Bach,BWV815_06_Menuett,0.09523809523809523,0.047619047619047616,0.09523809523809523,0.09523809523809523,0.14285714285714285,0.11904761904761904,0.0,0.047619047619047616,0.0,0.14285714285714285,0.023809523809523808,0.0,0.09523809523809523,0.0,0.047619047619047616,0.047619047619047616
Bach,BWV815_07_Gigue,0.19230769230769232,0.07692307692307693,0.10576923076923077,0.07692307692307693,0.07692307692307693,0.10576923076923077,0.019230769230769232,0.019230769230769232,0.10576923076923077,0.019230769230769232,0.0,0.038461538461538464,0.08653846153846154,0.019230769230769232,0.038461538461538464,0.019230769230769232
Bach,BWV816_01_Allemande,0.2714285714285714,0.05,0.03571428571428571,0.17857142857142858,0.05,0.02857142857142857,0.007142857142857143,0.05,0.02142857142857143,0.014285714285714285,0.0,0.007142857142857143,0.19285714285714287,0.03571428571428571,0.0,0.05714285714285714
Bach,BWV816_02_Courante,0.12345679012345678,0.037037037037037035,0.04938271604938271,0.18518518518518517,0.04938271604938271,0.07407407407407407,0.0,0.08641975308641975,0.037037037037037035,0.024691358024691357,0.0,0.012345679012345678,0.18518518518518517,0.07407407407407407,0.012345679012345678,0.04938271604938271
Bach,BWV816_03_Sarabande,0.08823529411764706,0.13725490196078433,0.0196078431372549,0.1568627450980392,0.0784313725490196,0.049019607843137254,0.0196078431372549,0.06862745098039216,0.0196078431372549,0.0,0.0,0.0196078431372549,0.20588235294117646,0.029411764705882353,0.0,0.10784313725490197
Bach,BWV816_04_Gavotte,0.12307692307692308,0.015384615384615385,0.07692307692307693,0.13846153846153847,0.03076923076923077,0.0,0.03076923076923077,0.0,0.07692307692307693,0.03076923076923077,0.0,0.07692307692307693,0.13846153846153847,0.015384615384615385,0.06153846153846154,0.18461538461538463
Bach,BWV816_05_Bourree,0.3561643835616438,0.0821917808219178,0.0,0.1095890410958904,0.0547945205479452,0.0410958904109589,0.0273972602739726,0.0410958904109589,0.0410958904109589,0.0,0.0,0.0410958904109589,0.0958904109589041,0.0273972602739726,0.0547945205479452,0.0273972602739726
Bach,BWV816_06_Loure,0.25806451612903225,0.0967741935483871,0.016129032258064516,0.11290322580645161,0.0967741935483871,0.04838709677419355,0.0,0.03225806451612903,0.016129032258064516,0.0,0.0,0.0,0.12903225806451613,0.03225806451612903,0.0,0.16129032258064516
Bach,BWV816_07_Gigue,0.4551282051282051,0.038461538461538464,0.04487179487179487,0.12179487179487179,0.04487179487179487,0.0,0.00641025641025641,0.019230769230769232,0.038461538461538464,0.019230769230769232,0.0,0.02564102564102564,0.11538461538461539,0.01282051282051282,0.03205128205128205,0.02564102564102564
Bach,BWV817_01_Allemande,0.29292929292929293,0.08080808080808081,0.010101010101010102,0.12121212121212122,0.04040404040404041,0.020202020202020204,0.0,0.13131313131313133,0.0,0.010101010101010102,0.0,0.0,0.18181818181818182,0.0707070707070707,0.0,0.04040404040404041
Bach,BWV817_02_Courante,0.27472527472527475,0.03296703296703297,0.06593406593406594,0.15384615384615385,0.054945054945054944,0.0,0.01098901098901099,0.03296703296703297,0.02197802197802198,0.01098901098901099,0.0,0.054945054945054944,0.18681318681318682,0.054945054945054944,0.0,0.04395604395604396
Bach,BWV817_03_Sarabande,0.14754098360655737,0.13114754098360656,0.03278688524590164,0.13114754098360656,0.13114754098360656,0.01639344262295082,0.04918032786885246,0.01639344262295082,0.04918032786885246,0.04918032786885246,0.0,0.03278688524590164,0.11475409836065574,0.01639344262295082,0.03278688524590164,0.04918032786885246
Bach,BWV817_04_Gavotte,0.14285714285714285,0.05357142857142857,0.05357142857142857,0.14285714285714285,0.05357142857142857,0.03571428571428571,0.03571428571428571,0.05357142857142857,0.07142857142857142,0.0,0.0,0.05357142857142857,0.125,0.08928571428571429,0.03571428571428571,0.05357142857142857
Bach,BWV817_05_Polonaise,0.16923076923076924,0.06153846153846154,0.09230769230769231,0.12307692307692308,0.07692307692307693,0.09230769230769231,0.0,0.015384615384615385,0.046153846153846156,0.03076923076923077,0.015384615384615385,0.03076923076923077,0.13846153846153847,0.0,0.015384615384615385,0.09230769230769231
Bach,BWV817_06_Bourree,0.18487394957983194,0.04201680672268908,0.058823529411764705,0.15126050420168066,0.07563025210084033,0.008403361344537815,0.0,0.0,0.03361344537815126,0.0,0.0,0.05042016806722689,0.15126050420168066,0.03361344537815126,0.025210084033613446,0.18487394957983194
Bach,BWV817_07_Gigue,0.2719298245614035,0.12280701754385964,0.07017543859649122,0.10526315789473684,0.09649122807017543,0.03508771929824561,0.0,0.02631578947368421,0.07894736842105263,0.0,0.0,0.008771929824561403,0.12280701754385964,0.0,0.017543859649122806,0.043859649122807015
Bach,BWV817_08_Menuett,0.08888888888888889,0.08888888888888889,0.044444444444444446,0.044444444444444446,0.044444444444444446,0.06666666666666667,0.044444444444444446,0.044444444444444446,0.044444444444444446,0.022222222222222223,0.022222222222222223,0.044444444444444446,0.1111111111111111,0.022222222222222223,0.022222222222222223,0.24444444444444444
Bach,BWV1001_01_Adagio,0.13186813186813187,0.08791208791208792,0.0,0.12087912087912088,0.04395604395604396,0.054945054945054944,0.03296703296703297,0.12087912087912088,0.02197802197802198,0.01098901098901099,0.0,0.02197802197802198,0.15384615384615385,0.08791208791208792,0.02197802197802198,0.08791208791208792
Bach,BWV1001_02_Fuga,0.14603174603174604,0.08253968253968254,0.047619047619047616,0.05396825396825397,0.08571428571428572,0.09206349206349207,0.015873015873015872,0.12380952380952381,0.01904761904761905,0.03492063492063492,0.0,0.02857142857142857,0.08253968253968254,0.10793650793650794,0.01904761904761905,0.06031746031746032
Bach,BWV1001_03_Siciliano,0.17272727272727273,0.07272727272727272,0.03636363636363636,0.09090909090909091,0.1,0.09090909090909091,0.02727272727272727,0.05454545454545454,0.01818181818181818,0.045454545454545456,0.0,0.05454545454545454,0.08181818181818182,0.06363636363636363,0.045454545454545456,0.045454545454545456
Bach,BWV1001_04_Presto,0.2857142857142857,0.06666666666666667,0.06666666666666667,0.06190476190476191,0.0761904761904762,0.047619047619047616,0.04285714285714286,0.03333333333333333,0.0380952380952381,0.07142857142857142,0.004761904761904762,0.014285714285714285,0.08571428571428572,0.014285714285714285,0.009523809523809525,0.08095238095238096
Bach,BWV1002_01_Allemanda,0.3157894736842105,0.09473684210526316,0.06315789473684211,0.05263157894736842,0.06315789473684211,0.07368421052631578,0.010526315789473684,0.05263157894736842,0.07368421052631578,0.021052631578947368,0.010526315789473684,0.021052631578947368,0.07368421052631578,0.010526315789473684,0.042105263157894736,0.021052631578947368
Bach,BWV1002_02_Double,0.24705882352941178,0.1411764705882353,0.047058823529411764,0.023529411764705882,0.07058823529411765,0.11764705882352941,0.07058823529411765,0.047058823529411764,0.08235294117647059,0.03529411764705882,0.011764705882352941,0.011764705882352941,0.07058823529411765,0.0,0.011764705882352941,0.011764705882352941
Bach,BWV1002_03_Corrente,0.2523364485981308,0.1308411214953271,0.07476635514018691,0.009345794392523364,0.1308411214953271,0.17757009345794392,0.04672897196261682,0.009345794392523364,0.08411214953271028,0.04672897196261682,0.0,0.009345794392523364,0.009345794392523364,0.009345794392523364,0.009345794392523364,0.0
Bach,BWV1002_04_Double,0.14285714285714285,0.11764705882352941,0.11764705882352941,0.04201680672268908,0.14285714285714285,0.09243697478991597,0.05042016806722689,0.008403361344537815,0.08403361344537816,0.07563025210084033,0.025210084033613446,0.025210084033613446,0.058823529411764705,0.008403361344537815,0.008403361344537815,0.0
Bach,BWV1002_05_Sarabande,0.2,0.2,0.03076923076923077,0.03076923076923077,0.2,0.12307692307692308,0.03076923076923077,0.03076923076923077,0.03076923076923077,0.046153846153846156,0.015384615384615385,0.0,0.046153846153846156,0.0,0.015384615384615385,0.0
Bach,BWV1002_06_Double,0.20754716981132076,0.16981132075471697,0.0,0.03773584905660377,0.16981132075471697,0.20754716981132076,0.03773584905660377,0.05660377358490566,0.0,0.03773584905660377,0.0,0.0,0.03773584905660377,0.03773584905660377,0.0,0.0
Bach,BWV1002_07_TempoDiBorea,0.11702127659574468,0.1276595744680851,0.05319148936170213,0.07446808510638298,0.14893617021276595,0.031914893617021274,0.05319148936170213,0.06382978723404255,0.031914893617021274,0.07446808510638298,0.02127659574468085,0.02127659574468085,0.0851063829787234,0.05319148936170213,0.02127659574468085,0.02127659574468085
Bach,BWV1002_08_Double,0.10101010101010101,0.1414141414141414,0.06060606060606061,0.050505050505050504,0.10101010101010101,0.09090909090909091,0.0707070707070707,0.04040404040404041,0.1111111111111111,0.030303030303030304,0.030303030303030304,0.030303030303030304,0.050505050505050504,0.030303030303030304,0.04040404040404041,0.020202020202020204
Bach,BWV1003_01_Grave,0.12790697674418605,0.11627906976744186,0.06976744186046512,0.046511627906976744,0.11627906976744186,0.10465116279069768,0.06976744186046512,0.023255813953488372,0.05813953488372093,0.06976744186046512,0.023255813953488372,0.046511627906976744,0.05813953488372093,0.03488372093023256,0.023255813953488372,0.011627906976744186
Bach,BWV1003_02_Fuga,0.12578616352201258,0.1090146750524109,0.06289308176100629,0.041928721174004195,0.12368972746331237,0.11949685534591195,0.03773584905660377,0.07756813417190776,0.029350104821802937,0.06289308176100629,0.03773584905660377,0.020964360587002098,0.06079664570230608,0.06708595387840671,0.012578616352201259,0.010482180293501049
Bach,BWV1003_03_Andante,0.17105263157894737,0.10526315789473684,0.039473684210526314,0.10526315789473684,0.06578947368421052,0.039473684210526314,0.0,0.10526315789473684,0.02631578947368421,0.013157894736842105,0.013157894736842105,0.02631578947368421,0.17105263157894737,0.05263157894736842,0.013157894736842105,0.05263157894736842
Bach,BWV1003_04_Allegro,0.2561576354679803,0.12807881773399016,0.054187192118226604,0.024630541871921183,0.10837438423645321,0.1724137931034483,0.024630541871921183,0.04433497536945813,0.06403940886699508,0.014778325123152709,0.0,0.009852216748768473,0.03940886699507389,0.034482758620689655,0.0049261083743842365,0.019704433497536946
Bach,BWV1004_01_Allemande,0.15555555555555556,0.18888888888888888,0.05555555555555555,0.0,0.18888888888888888,0.17777777777777778,0.03333333333333333,0.044444444444444446,0.011111111111111112,0.06666666666666667,0.0,0.011111111111111112,0.05555555555555555,0.0,0.0,0.011111111111111112
Bach,BWV1004_02_Courante,0.22535211267605634,0.15492957746478872,0.07042253521126761,0.014084507042253521,0.11267605633802817,0.08450704225352113,0.11267605633802817,0.014084507042253521,0.1267605633802817,0.056338028169014086,0.0,0.0,0.014084507042253521,0.014084507042253521,0.0,0.0
Bach,BWV1005_02_Fuga,0.15625,0.15896739130434784,0.024456521739130436,0.04619565217391304,0.09103260869565218,0.07201086956521739,0.036684782608695655,0.10733695652173914,0.043478260869565216,0.02717391304347826,0.020380434782608696,0.008152173913043478,0.09510869565217392,0.04891304347826087,0.017663043478260868,0.04619565217391304
Bach,BWV1006_04_Menuett,0.16666666666666666,0.075,0.08333333333333333,0.10833333333333334,0.058333333333333334,0.058333333333333334,0.058333333333333334,0.016666666666666666,0.11666666666666667,0.041666666666666664,0.008333333333333333,0.016666666666666666,0.09166666666666666,0.025,0.025,0.05
Bach,BWV1006_05_Bourée,0.1568627450980392,0.0392156862745098,0.13725490196078433,0.058823529411764705,0.13725490196078433,0.0784313725490196,0.0392156862745098,0.0,0.0392156862745098,0.11764705882352941,0.0196078431372549,0.0196078431372549,0.058823529411764705,0.0196078431372549,0.0,0.0784313725490196
Bach,BWV1006_06_Gigue,0.2978723404255319,0.06382978723404255,0.10638297872340426,0.10638297872340426,0.06382978723404255,0.02127659574468085,0.02127659574468085,0.0,0.1276595744680851,0.02127659574468085,0.02127659574468085,0.02127659574468085,0.10638297872340426,0.0,0.02127659574468085,0.0
Bach,BWV1007_01_Prelude,0.07692307692307693,0.09615384615384616,0.09615384615384616,0.11538461538461539,0.1346153846153846,0.07692307692307693,0.019230769230769232,0.0,0.15384615384615385,0.038461538461538464,0.0,0.019230769230769232,0.019230769230769232,0.019230769230769232,0.09615384615384616,0.038461538461538464
Bach,BWV1007_02_Allemande,0.32857142857142857,0.08571428571428572,0.02857142857142857,0.1,0.08571428571428572,0.02857142857142857,0.04285714285714286,0.02857142857142857,0.02857142857142857,0.04285714285714286,0.0,0.014285714285714285,0.11428571428571428,0.02857142857142857,0.014285714285714285,0.02857142857142857
Bach,BWV1007_03_Courante,0.2786885245901639,0.11475409836065574,0.19672131147540983,0.01639344262295082,0.11475409836065574,0.0,0.01639344262295082,0.0,0.18032786885245902,0.01639344262295082,0.01639344262295082,0.01639344262295082,0.03278688524590164,0.0,0.0,0.0
Bach,BWV1007_04_Sarabande,0.15,0.1,0.05,0.1,0.025,0.075,0.1,0.025,0.025,0.05,0.0,0.075,0.2,0.0,0.0,0.025
Bach,BWV1007_05_MenuetI,0.22580645161290322,0.06451612903225806,0.12903225806451613,0.03225806451612903,0.06451612903225806,0.0967741935483871,0.06451612903225806,0.03225806451612903,0.12903225806451613,0.06451612903225806,0.03225806451612903,0.0,0.06451612903225806,0.0,0.0,0.0
Bach,BWV1007_06_MenuetII,0.22580645161290322,0.1935483870967742,0.0,0.03225806451612903,0.12903225806451613,0.0967741935483871,0.06451612903225806,0.06451612903225806,0.03225806451612903,0.03225806451612903,0.0,0.0,0.06451612903225806,0.03225806451612903,0.0,0.03225806451612903
Bach,BWV1007_07_Gique,0.125,0.0,0.14285714285714285,0.08928571428571429,0.05357142857142857,0.125,0.017857142857142856,0.03571428571428571,0.08928571428571429,0.07142857142857142,0.10714285714285714,0.0,0.08928571428571429,0.03571428571428571,0.0,0.017857142857142856
Bach,BWV1008_01_Prelude,0.24719101123595505,0.14606741573033707,0.056179775280898875,0.02247191011235955,0.15730337078651685,0.056179775280898875,0.033707865168539325,0.0449438202247191,0.0449438202247191,0.0449438202247191,0.0,0.011235955056179775,0.033707865168539325,0.033707865168539325,0.011235955056179775,0.056179775280898875
Bach,BWV1008_02_Allemande,0.20588235294117646,0.1323529411764706,0.07352941176470588,0.07352941176470588,0.10294117647058823,0.11764705882352941,0.029411764705882353,0.029411764705882353,0.08823529411764706,0.029411764705882353,0.014705882352941176,0.0,0.07352941176470588,0.014705882352941176,0.014705882352941176,0.0
Bach,BWV1008_03_Courante,0.16666666666666666,0.14583333333333334,0.08333333333333333,0.0625,0.125,0.020833333333333332,0.041666666666666664,0.0625,0.0625,0.0625,0.0,0.020833333333333332,0.10416666666666667,0.020833333333333332,0.020833333333333332,0.0
Bach,BWV1008_04_Sarabande,0.061224489795918366,0.14285714285714285,0.061224489795918366,0.08163265306122448,0.14285714285714285,0.04081632653061224,0.04081632653061224,0.061224489795918366,0.061224489795918366,0.02040816326530612,0.0,0.061224489795918366,0.10204081632653061,0.08163265306122448,0.02040816326530612,0.02040816326530612
Bach,BWV1008_05_MenuetI,0.25,0.15,0.025,0.025,0.1,0.175,0.0,0.1,0.025,0.0,0.0,0.0,0.075,0.05,0.0,0.025
Bach,BWV1008_06_MenuetII,0.20689655172413793,0.06896551724137931,0.034482758620689655,0.034482758620689655,0.10344827586206896,0.06896551724137931,0.06896551724137931,0.0,0.06896551724137931,0.034482758620689655,0.0,0.06896551724137931,0.0,0.06896551724137931,0.06896551724137931,0.10344827586206896
Bach,BWV1008_07_Gique,0.19101123595505617,0.10112359550561797,0.07865168539325842,0.02247191011235955,0.0898876404494382,0.19101123595505617,0.06741573033707865,0.033707865168539325,0.06741573033707865,0.06741573033707865,0.0,0.011235955056179775,0.0449438202247191,0.02247191011235955,0.0,0.011235955056179775
Bach,BWV1009_01_Prelude,0.25471698113207547,0.08490566037735849,0.05660377358490566,0.10377358490566038,0.0660377358490566,0.009433962264150943,0.009433962264150943,0.05660377358490566,0.03773584905660377,0.018867924528301886,0.0,0.03773584905660377,0.14150943396226415,0.03773584905660377,0.018867924528301886,0.0660377358490566
Bach,BWV1009_02_Allemande,0.17647058823529413,0.12745098039215685,0.09803921568627451,0.0392156862745098,0.13725490196078433,0.1568627450980392,0.0392156862745098,0.00980392156862745,0.11764705882352941,0.0196078431372549,0.00980392156862745,0.0,0.00980392156862745,0.0392156862745098,0.0,0.0196078431372549
Bach,BWV1009_03_Courante,0.17721518987341772,0.16455696202531644,0.0379746835443038,0.0379746835443038,0.08860759493670886,0.0759493670886076,0.0759493670886076,0.0379746835443038,0.0759493670886076,0.0379746835443038,0.0,0.0379746835443038,0.0759493670886076,0.012658227848101266,0.02531645569620253,0.0379746835443038
Bach,BWV1009_04_Sarabande,0.09615384615384616,0.09615384615384616,0.038461538461538464,0.07692307692307693,0.07692307692307693,0.038461538461538464,0.038461538461538464,0.15384615384615385,0.019230769230769232,0.038461538461538464,0.0,0.019230769230769232,0.1346153846153846,0.11538461538461539,0.0,0.057692307692307696
Bach,BWV1009_05_BourréeI,0.06779661016949153,0.03389830508474576,0.13559322033898305,0.0847457627118644,0.03389830508474576,0.01694915254237288,0.03389830508474576,0.0,0.15254237288135594,0.0,0.0847457627118644,0.0847457627118644,0.0847457627118644,0.03389830508474576,0.06779661016949153,0.0847457627118644
Bach,BWV1009_06_BourréeII,0.125,0.09375,0.125,0.0625,0.125,0.09375,0.03125,0.03125,0.15625,0.03125,0.03125,0.0,0.03125,0.0625,0.0,0.0
Bach,BWV1009_07_Gique,0.18691588785046728,0.12149532710280374,0.08411214953271028,0.037383177570093455,0.102803738317757,0.11214953271028037,0.018691588785046728,0.037383177570093455,0.04672897196261682,0.037383177570093455,0.0,0.037383177570093455,0.09345794392523364,0.009345794392523364,0.009345794392523364,0.06542056074766354
Bach,BWV1010_01_Prelude,0.09722222222222222,0.06944444444444445,0.08333333333333333,0.1527777777777778,0.06944444444444445,0.027777777777777776,0.06944444444444445,0.041666666666666664,0.08333333333333333,0.05555555555555555,0.0,0.013888888888888888,0.16666666666666666,0.05555555555555555,0.0,0.013888888888888888
Bach,BWV1010_02_Allemande,0.3076923076923077,0.14285714285714285,0.04395604395604396,0.054945054945054944,0.08791208791208792,0.12087912087912088,0.054945054945054944,0.01098901098901099,0.07692307692307693,0.01098901098901099,0.0,0.01098901098901099,0.07692307692307693,0.0,0.0,0.0
Bach,BWV1010_03_Courante,0.27722772277227725,0.12871287128712872,0.0891089108910891,0.06930693069306931,0.1188118811881188,0.039603960396039604,0.009900990099009901,0.0297029702970297,0.06930693069306931,0.009900990099009901,0.0,0.019801980198019802,0.09900990099009901,0.019801980198019802,0.0,0.019801980198019802
Bach,BWV1010_04_Sarabande,0.14516129032258066,0.14516129032258066,0.0,0.11290322580645161,0.08064516129032258,0.04838709677419355,0.016129032258064516,0.0967741935483871,0.0,0.016129032258064516,0.0,0.016129032258064516,0.1935483870967742,0.03225806451612903,0.016129032258064516,0.08064516129032258
Bach,BWV1010_05_BourreeI,0.19444444444444445,0.041666666666666664,0.1111111111111111,0.041666666666666664,0.041666666666666664,0.08333333333333333,0.125,0.013888888888888888,0.125,0.09722222222222222,0.041666666666666664,0.013888888888888888,0.041666666666666664,0.027777777777777776,0.0,0.0
Bach,BWV1010_06_BourreeII,0.36,0.08,0.0,0.08,0.12,0.0,0.08,0.0,0.04,0.08,0.0,0.04,0.0,0.04,0.08,0.0
Bach,BWV1010_07_Gique,0.22666666666666666,0.05333333333333334,0.22666666666666666,0.06666666666666667,0.06666666666666667,0.0,0.013333333333333334,0.013333333333333334,0.25333333333333335,0.0,0.0,0.0,0.04,0.04,0.0,0.0
Bach,BWV1011_01_Prelude,0.13125,0.16875,0.040625,0.01875,0.15,0.125,0.05625,0.065625,0.05,0.04375,0.0,0.01875,0.03125,0.05625,0.015625,0.028125
Bach,BWV1011_02_Allemande,0.19402985074626866,0.13432835820895522,0.07462686567164178,0.08955223880597014,0.13432835820895522,0.014925373134328358,0.029850746268656716,0.029850746268656716,0.014925373134328358,0.05970149253731343,0.014925373134328358,0.029850746268656716,0.13432835820895522,0.014925373134328358,0.0,0.029850746268656716
Bach,BWV1011_03_Courante,0.2,0.16923076923076924,0.06153846153846154,0.046153846153846156,0.13846153846153847,0.1076923076923077,0.06153846153846154,0.015384615384615385,0.09230769230769231,0.015384615384615385,0.0,0.015384615384615385,0.06153846153846154,0.015384615384615385,0.0,0.0
Bach,BWV1011_04_Sarabande,0.28,0.04,0.16,0.08,0.12,0.0,0.0,0.0,0.12,0.04,0.0,0.0,0.04,0.04,0.0,0.08
Bach,BWV1011_05_GavotteI,0.16,0.10666666666666667,0.06666666666666667,0.05333333333333334,0.12,0.09333333333333334,0.013333333333333334,0.06666666666666667,0.04,0.04,0.013333333333333334,0.02666666666666667,0.06666666666666667,0.05333333333333334,0.02666666666666667,0.05333333333333334
Bach,BWV1011_06_GavotteII,0.01639344262295082,0.06557377049180328,0.08196721311475409,0.0,0.04918032786885246,0.11475409836065574,0.21311475409836064,0.01639344262295082,0.09836065573770492,0.14754098360655737,0.04918032786885246,0.06557377049180328,0.01639344262295082,0.04918032786885246,0.01639344262295082,0.0
Bach,BWV1011_07_Gique,0.11594202898550725,0.14492753623188406,0.014492753623188406,0.11594202898550725,0.11594202898550725,0.18840579710144928,0.07246376811594203,0.0,0.07246376811594203,0.014492753623188406,0.0,0.014492753623188406,0.08695652173913043,0.028985507246376812,0.014492753623188406,0.0
Bach,BWV1012_01_Prelude,0.1891891891891892,0.12432432432432433,0.05945945945945946,0.02702702702702703,0.0972972972972973,0.07027027027027027,0.02702702702702703,0.043243243243243246,0.05945945945945946,0.02702702702702703,0.0,0.02702702702702703,0.05405405405405406,0.021621621621621623,0.02702702702702703,0.14594594594594595
Bach,BWV1012_02_Allemande,0.3157894736842105,0.11842105263157894,0.05263157894736842,0.09210526315789473,0.09210526315789473,0.0,0.02631578947368421,0.05263157894736842,0.05263157894736842,0.02631578947368421,0.013157894736842105,0.0,0.11842105263157894,0.02631578947368421,0.0,0.013157894736842105
Bach,BWV1012_03_Courante,0.2261904761904762,0.09523809523809523,0.08333333333333333,0.011904761904761904,0.11904761904761904,0.08333333333333333,0.05952380952380952,0.047619047619047616,0.047619047619047616,0.08333333333333333,0.011904761904761904,0.023809523809523808,0.023809523809523808,0.05952380952380952,0.0,0.023809523809523808
Bach,BWV1012_04_Sarabande,0.14285714285714285,0.08928571428571429,0.017857142857142856,0.125,0.07142857142857142,0.10714285714285714,0.05357142857142857,0.05357142857142857,0.03571428571428571,0.017857142857142856,0.0,0.017857142857142856,0.125,0.05357142857142857,0.0,0.08928571428571429
Bach,BWV1012_05_GavotteI,0.4339622641509434,0.07547169811320754,0.09433962264150944,0.03773584905660377,0.11320754716981132,0.09433962264150944,0.0,0.0,0.03773584905660377,0.03773584905660377,0.0,0.018867924528301886,0.05660377358490566,0.0,0.0,0.0
Bach,BWV1012_06_GavotteII,0.10714285714285714,0.10714285714285714,0.21428571428571427,0.03571428571428571,0.0,0.017857142857142856,0.03571428571428571,0.07142857142857142,0.21428571428571427,0.017857142857142856,0.0,0.017857142857142856,0.14285714285714285,0.0,0.0,0.017857142857142856
Bach,BWV1012_07_Gique,0.19626168224299065,0.037383177570093455,0.06542056074766354,0.14953271028037382,0.028037383177570093,0.0,0.028037383177570093,0.009345794392523364,0.1308411214953271,0.009345794392523364,0.0,0.018691588785046728,0.102803738317757,0.018691588785046728,0.056074766355140186,0.14953271028037382
Bach,BWV1013_01_Allemande,0.12658227848101267,0.11392405063291139,0.056962025316455694,0.03164556962025317,0.12025316455696203,0.16455696202531644,0.0759493670886076,0.0379746835443038,0.04430379746835443,0.06962025316455696,0.0,0.02531645569620253,0.04430379746835443,0.04430379746835443,0.006329113924050633,0.0379746835443038
Bach,BWV1013_02_Corrente,0.3898305084745763,0.0847457627118644,0.0423728813559322,0.0847457627118644,0.0847457627118644,0.03389830508474576,0.01694915254237288,0.03389830508474576,0.0423728813559322,0.0423728813559322,0.0,0.00847457627118644,0.0847457627118644,0.01694915254237288,0.025423728813559324,0.00847457627118644
Bach,BWV1013_03_Sarabande,0.24074074074074073,0.16666666666666666,0.07407407407407407,0.018518518518518517,0.14814814814814814,0.1111111111111111,0.05555555555555555,0.0,0.09259259259259259,0.05555555555555555,0.018518518518518517,0.0,0.0,0.0,0.018518518518518517,0.0
Bach,BWV1013_04_BourreeAnglaise,0.24468085106382978,0.06382978723404255,0.14893617021276595,0.0,0.07446808510638298,0.0425531914893617,0.0,0.031914893617021274,0.10638297872340426,0.02127659574468085,0.010638297872340425,0.0425531914893617,0.0425531914893617,0.02127659574468085,0.010638297872340425,0.13829787234042554
